text,label
"agendar daily amanh√£ √†s 09:00",create_event
"novo evento revis√£o sexta que vem √†s 16h",create_event
"schedule team lunch tomorrow at 1pm",create_event
"schedule office hours next Friday at 08:00",create_event
"schedule yoga class next Monday at 8am",create_event
"adicionar evento caf√© com Ana s√°bado que vem √†s 20h",create_event
"adicionar evento caf√© com Ana na sexta √†s 11h",create_event
"marcar daily na sexta √†s 12h",create_event
"agendar revis√£o s√°bado que vem √†s 10h",create_event
"criar evento aula de yoga na s√°bado √†s 19h",create_event
"adicionar evento revis√£o amanh√£ √†s 16h",create_event
"book review on on Saturday at 14:30",create_event
"marcar almo√ßo com o time sexta que vem √†s 19h",create_event
"agendar aula de yoga quinta que vem √†s 10h",create_event
"adicionar evento aula de yoga na sexta √†s 14h",create_event
"schedule demo next Friday at 1pm",create_event
"create calendar entry yoga class next week Wednesday 7am",create_event
"add event standup next Friday 7am",create_event
"create calendar entry demo tomorrow 12:00",create_event
"add event team lunch on Sunday 08:00",create_event
"schedule review on tomorrow at 1pm",create_event
"novo evento reuni√£o de produto sexta que vem √†s 09:00",create_event
"agendar reuni√£o de produto na sexta √†s 19h",create_event
"marcar plant√£o de d√∫vidas amanh√£ √†s 10h",create_event
"agendar aula de yoga amanh√£ √†s 11h",create_event
"marcar plant√£o de d√∫vidas sexta que vem √†s 12h",create_event
"add event demo on Wednesday 12:00",create_event
"criar evento aula de yoga amanh√£ √†s 12h",create_event
"agendar caf√© com Ana sexta que vem √†s 12h",create_event
"add event coffee with Ana tomorrow 08:00",create_event
"adicionar evento almo√ßo com o time sexta que vem √†s 19h",create_event
"marcar reuni√£o de produto amanh√£ √†s 14h",create_event
"marcar caf√© com Ana sexta que vem √†s 10h",create_event
"marcar aula de yoga sexta que vem √†s 16h",create_event
"create event yoga class tomorrow 10:00",create_event
"novo evento reuni√£o de produto na quarta √†s 20h",create_event
"book office hours on next Thursday at 4pm",create_event
"marcar daily amanh√£ √†s 09:00",create_event
"criar evento revis√£o amanh√£ √†s 16h",create_event
"agendar almo√ßo com o time na quinta √†s 20h",create_event
"add event yoga class on Thursday 14:30",create_event
"novo evento revis√£o amanh√£ √†s 10h",create_event
"create event coffee with Ana tomorrow 16:00",create_event
"marcar caf√© com Ana sexta que vem √†s 19h",create_event
"criar evento aula de yoga na pr√≥xima domingo √†s 16h",create_event
"create event demo tomorrow 14:30",create_event
"agendar almo√ßo com o time na quinta √†s 19h",create_event
"create calendar entry yoga class tomorrow 07:00",create_event
"adicionar tarefa pagar contas amanh√£",create_task
"new task call mom tonight",create_task
"adicionar tarefa regar as plantas dia 10",create_task
"adicionar tarefa pagar contas no domingo de manh√£",create_task
"new task clean kitchen tonight",create_task
"remind me to buy cat food tonight",create_task
"lembre-me de regar as plantas amanh√£",create_task
"create a task clean kitchen on Sunday morning",create_task
"lembre-me de atualizar curr√≠culo neste fim de semana",create_task
"adicionar tarefa enviar relat√≥rio hoje √† noite",create_task
"new task call mom on the 5th",create_task
"lembre-me de comprar ra√ß√£o amanh√£",create_task
"adicionar tarefa regar as plantas dia 10",create_task
"adicionar tarefa enviar relat√≥rio amanh√£",create_task
"adicionar tarefa comprar ra√ß√£o no domingo de manh√£",create_task
"remind me to update resume on the 5th",create_task
"add task update resume on Sunday morning",create_task
"remind me to submit report this weekend",create_task
"add task submit report tomorrow",create_task
"new task water the plants on Sunday morning",create_task
"create a task water the plants this weekend",create_task
"lembre-me de regar as plantas no domingo de manh√£",create_task
"lembre-me de limpar a cozinha neste fim de semana",create_task
"add task update resume tomorrow",create_task
"new task pay rent on the 5th",create_task
"adicionar tarefa regar as plantas no domingo de manh√£",create_task
"log task submit report tonight",create_task
"log task buy cat food on the 5th",create_task
"add task call mom this weekend",create_task
"add task call mom on the 5th",create_task
"log task call mom on Sunday morning",create_task
"lembre-me de regar as plantas neste fim de semana",create_task
"add task update resume on the 5th",create_task
"add task submit report on Sunday morning",create_task
"new task buy cat food on the 5th",create_task
"tarefa: atualizar curr√≠culo hoje √† noite",create_task
"create a task pay rent on the 5th",create_task
"create task water the plants this weekend",create_task
"tarefa: ligar para o Jo√£o hoje √† noite",create_task
"criar tarefa atualizar curr√≠culo amanh√£",create_task
"add task submit report on Sunday morning",create_task
"tarefa: atualizar curr√≠culo hoje √† noite",create_task
"lembre-me de comprar ra√ß√£o neste fim de semana",create_task
"create a task update resume tonight",create_task
"add task pay rent on the 5th",create_task
"adicionar tarefa regar as plantas no domingo de manh√£",create_task
"criar tarefa ligar para o Jo√£o hoje √† noite",create_task
"create task pay rent on Sunday morning",create_task
"postpone client meeting to next Sunday 08:00",reschedule_event
"adiar reuni√£o de hoje para hoje 9h",reschedule_event
"remarcar reuni√£o de hoje de qui 14h para hoje 20h",reschedule_event
"remarcar reuni√£o de hoje para hoje 16h",reschedule_event
"postpone 1:1 to tomorrow 1pm",reschedule_event
"shift board review from Tue 14:00 to Friday 10:00",reschedule_event
"shift team lunch to today 07:00",reschedule_event
"remarcar revis√£o do projeto de qui 14h para amanh√£ 14h",reschedule_event
"change today's standup to Friday 14:00",reschedule_event
"push today's standup to next Wednesday 10:00",reschedule_event
"push coffee with Ana to today 5pm",reschedule_event
"remarcar 1:1 para amanh√£ 16h",reschedule_event
"push coffee with Ana to 2:30pm",reschedule_event
"remarcar 1:1 de qua 14h para segunda que vem 9h",reschedule_event
"reagendar caf√© com Ana para segunda que vem 16h",reschedule_event
"remarcar 1:1 de qui 9h para hoje 9h",reschedule_event
"reagendar 1:1 para amanh√£ 14h",reschedule_event
"reschedule client meeting to today 17:00",reschedule_event
"push sprint planning to 07:00",reschedule_event
"remarcar caf√© com Ana de ter 10h para ter√ßa que vem 14h",reschedule_event
"push board review to 5pm",reschedule_event
"mover caf√© com Ana para sexta 14h",reschedule_event
"change today's standup to today 07:00",reschedule_event
"reagendar daily para hoje 9h",reschedule_event
"change client meeting to next Thursday 10:00",reschedule_event
"reagendar 1:1 para sexta 9h",reschedule_event
"remarcar reuni√£o de hoje de qui 9h para quinta que vem 10h",reschedule_event
"adiar almo√ßo do time para sexta que vem 9h",reschedule_event
"mover revis√£o do projeto para hoje 10h",reschedule_event
"shift 1:1 from Thu 9am to next Tuesday 7am",reschedule_event
"postpone sprint planning to tomorrow 4pm",reschedule_event
"reschedule client meeting to tomorrow 11:00",reschedule_event
"change sprint planning to today 9:30am",reschedule_event
"reschedule client meeting to tomorrow 17:00",reschedule_event
"shift team lunch to tomorrow 8pm",reschedule_event
"adiar reuni√£o de hoje para ter√ßa que vem 14h",reschedule_event
"shift board review from Wed 14:00 to Friday 12:00",reschedule_event
"mover reuni√£o de hoje para hoje 14h",reschedule_event
"shift sprint planning to today 09:30",reschedule_event
"mudar reuni√£o de hoje para amanh√£ 14h",reschedule_event
"shift client meeting to tomorrow 1pm",reschedule_event
"push team lunch to tomorrow 11:00",reschedule_event
"mudar 1:1 para hoje 16h",reschedule_event
"mudar caf√© com Ana para hoje 9h",reschedule_event
"reagendar revis√£o do projeto para sexta 16h",reschedule_event
"push sprint planning to Friday 4pm",reschedule_event
"adiar revis√£o do projeto para amanh√£ 14h",reschedule_event
"remarcar revis√£o do projeto de ter 14h para sexta 16h",reschedule_event
"remarcar a tarefa ligar para a m√£e para domingo",reschedule_task
"remarcar a tarefa limpar a cozinha para domingo",reschedule_task
"adiar a tarefa comprar ra√ß√£o para domingo",reschedule_task
"push the pay rent task to 9:30am",reschedule_task
"remarcar a tarefa pagar contas para s√°bado de manh√£",reschedule_task
"adiar a tarefa li√ß√£o de casa para 20h",reschedule_task
"delay the call mom task by two hours",reschedule_task
"remarcar a tarefa regar plantas para domingo",reschedule_task
"move write report task to next Friday",reschedule_task
"adiar a tarefa escrever relat√≥rio para amanh√£ de manh√£",reschedule_task
"mudar a tarefa comprar ra√ß√£o para domingo 17h",reschedule_task
"adiar a tarefa regar plantas para 17h",reschedule_task
"remarcar a tarefa ligar para a m√£e para amanh√£ de manh√£",reschedule_task
"adiar a tarefa comprar ra√ß√£o para 18h",reschedule_task
"adiar a tarefa limpar a cozinha para 21h",reschedule_task
"adiar a tarefa comprar ra√ß√£o para s√°bado de manh√£",reschedule_task
"shift call mom to Saturday morning",reschedule_task
"mover a tarefa escrever relat√≥rio para domingo",reschedule_task
"mover a tarefa escrever relat√≥rio para amanh√£ de manh√£",reschedule_task
"adiar a tarefa regar plantas para 18h",reschedule_task
"adiar a tarefa li√ß√£o de casa para 17h",reschedule_task
"shift clean kitchen to tomorrow afternoon",reschedule_task
"push the grocery shopping task to 7am",reschedule_task
"change the clean kitchen task to tomorrow afternoon",reschedule_task
"change the clean kitchen task to Saturday morning 10am",reschedule_task
"change the clean kitchen task to Saturday morning 08:00",reschedule_task
"push the pay rent task to 8pm",reschedule_task
"change the homework task to tonight",reschedule_task
"delay the pay rent task by two hours",reschedule_task
"remarcar a tarefa regar plantas para amanh√£ de manh√£",reschedule_task
"reschedule write report to Saturday morning",reschedule_task
"move clean kitchen task to tomorrow afternoon",reschedule_task
"mudar a tarefa pagar contas para sexta 18h",reschedule_task
"delay the grocery shopping task by two hours",reschedule_task
"adiar a tarefa li√ß√£o de casa para 20h",reschedule_task
"mudar a tarefa regar plantas para hoje √† noite 20h",reschedule_task
"reschedule the call mom task to next Friday",reschedule_task
"mudar a tarefa limpar a cozinha para s√°bado de manh√£ 20h",reschedule_task
"delay the homework task to next Friday",reschedule_task
"delay the write report task to next Friday",reschedule_task
"mudar a tarefa pagar contas para hoje √† noite 20h",reschedule_task
"delay the call mom task to tomorrow afternoon",reschedule_task
"remarcar a tarefa regar plantas para sexta",reschedule_task
"adiar a tarefa escrever relat√≥rio para s√°bado de manh√£",reschedule_task
"mover a tarefa regar plantas para sexta",reschedule_task
"mover a tarefa comprar ra√ß√£o para sexta",reschedule_task
"reschedule the grocery shopping task to tonight",reschedule_task
"delay the call mom task to Saturday morning",reschedule_task
"set event title to Quarterly Review",update_event
"call this event Product Sync",update_event
"rename event as Quarterly Review",update_event
"rename event as Product Sync",update_event
"mudar t√≠tulo do evento para Quarterly Review",update_event
"definir t√≠tulo do evento como Product Sync",update_event
"adicionar tag pessoal ao evento",update_event
"definir t√≠tulo do evento como Team All-Hands",update_event
"adicionar tag finance ao evento",update_event
"renomear o evento para Quarterly Review",update_event
"remove tag pessoal from the event",update_event
"update event notes: bring printed copies",update_event
"mudar t√≠tulo do evento para Product Sync",update_event
"mudar t√≠tulo do evento para Design Review",update_event
"add tag prioridade to the event",update_event
"rename the event to Quarterly Review",update_event
"mudar cor do evento para green",update_event
"adicionar tag q3 ao evento",update_event
"remove tag urgent from the event",update_event
"remove tag prioridade from the event",update_event
"renomear o evento para Team All-Hands",update_event
"call this event Quarterly Review",update_event
"remove tag prioridade from the event",update_event
"adicionar tag urgent ao evento",update_event
"atualizar t√≠tulo do evento para Product Sync",update_event
"update event notes: bring printed copies",update_event
"call this event Design Review",update_event
"call this event Team All-Hands",update_event
"definir t√≠tulo do evento como Product Sync",update_event
"remover tag finance do evento",update_event
"call this event Product Sync",update_event
"definir local do evento para audit√≥rio",update_event
"remove tag q3 from the event",update_event
"mudar cor do evento para green",update_event
"atualizar notas do evento: confirm attendance",update_event
"add tag q3 to the event",update_event
"call this event Product Sync",update_event
"call this event Team All-Hands",update_event
"mudar cor do evento para verde",update_event
"renomear o evento para Product Sync",update_event
"call this event Team All-Hands",update_event
"call this event Product Sync",update_event
"call this event Product Sync",update_event
"set event title to Quarterly Review",update_event
"adicionar tag pessoal ao evento",update_event
"definir t√≠tulo do evento como Design Review",update_event
"remover tag finance do evento",update_event
"mudar t√≠tulo do evento para Team All-Hands",update_event
"renomear tarefa read book para read 20 pages",update_task
"definir prioridade da tarefa como baixa",update_task
"update task title to read 20 pages",update_task
"renomear tarefa pay bill para pay electricity bill",update_task
"call this task buy dog food",update_task
"atualizar t√≠tulo da tarefa para buy dog food",update_task
"adicionar tag finance √† tarefa pay rent",update_task
"update task notes: include address",update_task
"definir t√≠tulo da tarefa como read 20 pages",update_task
"atualizar notas da tarefa: check coupon code",update_task
"adicionar tag home √† tarefa call mom",update_task
"rename the task from pay bill to pay electricity bill",update_task
"change task color to purple",update_task
"add tag home to the call mom task",update_task
"mudar cor da tarefa para laranja",update_task
"rename the task from pay bill to pay electricity bill",update_task
"remove tag finance from the read book task",update_task
"atualizar t√≠tulo da tarefa para read 20 pages",update_task
"change task color to gray",update_task
"set task priority to medium",update_task
"call this task pay electricity bill",update_task
"atualizar t√≠tulo da tarefa para read 20 pages",update_task
"atualizar notas da tarefa: include address",update_task
"mudar cor da tarefa para cinza",update_task
"adicionar tag pessoal √† tarefa read book",update_task
"adicionar tag home √† tarefa call mom",update_task
"rename the task from read book to read 20 pages",update_task
"adicionar tag health √† tarefa write report",update_task
"adicionar tag work √† tarefa pay rent",update_task
"remove tag finance from the write report task",update_task
"rename the task from read book to read 20 pages",update_task
"definir t√≠tulo da tarefa como pay electricity bill",update_task
"renomear tarefa read book para read 20 pages",update_task
"atualizar t√≠tulo da tarefa para buy dog food",update_task
"update task title to buy dog food",update_task
"rename task read book to read 20 pages",update_task
"rename the task from read book to read 20 pages",update_task
"renomear tarefa read book para read 20 pages",update_task
"atualizar t√≠tulo da tarefa para pay electricity bill",update_task
"definir prioridade da tarefa como baixa",update_task
"remove tag finance from the pay rent task",update_task
"rename the task from pay bill to pay electricity bill",update_task
"atualizar t√≠tulo da tarefa para read 20 pages",update_task
"call this task pay electricity bill",update_task
"call this task pay electricity bill",update_task
"update task title to buy dog food",update_task
"definir prioridade da tarefa como m√©dia",update_task
"rename task read book to read 20 pages",update_task
"planeje minha semana",plan_week
"plan next week",plan_week
"what should my week look like",plan_week
"planejar semana priorizando manh√£s",plan_week
"organize my week",plan_week
"organizar minha semana",plan_week
"plan my week with focus blocks",plan_week
"me ajude a planejar minha semana",plan_week
"fa√ßa um plano semanal com exerc√≠cios",plan_week
"help me plan my week",plan_week
"ajudar a planejar minha semana",plan_week
"how should I structure my week",plan_week
"organizar minha semana com blocos de foco",plan_week
"organize my week around mornings",plan_week
"prepare week schedule",plan_week
"ajudar a planejar meu dia",plan_day
"planeje meu dia",plan_day
"help me plan my day",plan_day
"plan tomorrow",plan_day
"me ajude a planejar meu dia",plan_day
"organizar meu dia com blocos de foco",plan_day
"what should my day look like",plan_day
"planejar dia priorizando manh√£s",plan_day
"prepare day schedule",plan_day
"planejar dia de trabalho",plan_day
"me ajude a montar meu dia",plan_day
"organize my day around mornings",plan_day
"how should I structure my day",plan_day
"organizar meu dia",plan_day
"agenda do fim de semana",show_agenda
"show agenda for tomorrow",show_agenda
"what do I have scheduled on Saturday",show_agenda
"qual √© minha agenda √† tarde",show_agenda
"show agenda for next Thursday morning",show_agenda
"exibir minha agenda de segunda",show_agenda
"agenda do fim de semana",show_agenda
"schedule on the 5th",show_agenda
"agenda de sexta que vem",show_agenda
"events on Wednesday night",show_agenda
"meeting list for Tuesday",show_agenda
"appointments on Tuesday",show_agenda
"my schedule for next weekend",show_agenda
"what‚Äôs planned for next Thursday morning",show_agenda
"agenda for next Friday",show_agenda
"agenda for today afternoon",show_agenda
"agenda for the weekend",show_agenda
"display my schedule for Monday",show_agenda
"üëè",unknown
"nevermind",unknown
"okay",unknown
"just checking",unknown
"beleza",unknown
"forget it",unknown
"boa tarde",unknown
"kk",unknown
"cool",unknown
"good morning",unknown
"valeu",unknown
"beleza",unknown
"thank you",unknown
"valeu",unknown
"are you there",unknown
"cool",unknown
"??",unknown
"e a√≠",unknown
"okay",unknown
"ol√°",unknown
"help",unknown
"üôè",unknown
"how does this work",unknown
"‚Ä¶",unknown
"¬Ø\_(„ÉÑ)_/¬Ø",unknown
"boa noite",unknown
"nice",unknown
"üëé",unknown
"tudo bem",unknown
"boa tarde",unknown
"lol",unknown
"üëç",unknown
